<?xml version="1.0" encoding="UTF-8" standalone="no"?><?xml-stylesheet type="text/xsl" href="helden.xsl"?><helden Version="5.5.3"><held key="1559262851507" name="Basilon" stand="1568998943793"><mods/><basis><geschlecht name="männlich"/><settings name="DSA4.1"/><rasse name="helden.model.rasse.Thorwaler" string="Thorwaler"><groesse gewicht="102" value="197"/><aussehen alter="25" augenfarbe="grün" aussehentext0="" aussehentext1="" aussehentext2="" aussehentext3="" familietext0="" familietext1="" familietext2="" familietext3="" familietext4="" familietext5="" gbjahr="1003" gbmonat="2" gbtag="18" gprest="0" gpstart="110" haarfarbe="rotbraun" kalender="Bosparans Fall" stand="" titel=""/><variante name="Thorwaler"/></rasse><kultur name="helden.model.kultur.Mittelreich" string="Mittelländische Landbevölkerung - Weiden/Greifenfurt - Fern der Zivilisation"><variante name="Fern der Zivilisation"/><variante name="Weiden/Greifenfurt"/></kultur><ausbildungen><ausbildung art="Hauptprofession" name="helden.model.profession.Handwerker" string="dörflicher Handwerker, Grobschmied" tarnidentitaet=""><variante name="dörflicher Handwerker"/><variante name="Grobschmied"/></ausbildung></ausbildungen><verify value="17"/><notiz notiz0="Notizen&#10;Holzstück zum Schnitzen (Fuchs):                                   -&gt; Albiron&#10;Holzstück zum Schnitzen (Brenack):                              -&gt; Albiron&#10;Holzstück zum Schnitzen (Greif):                                   -&gt; Albiron&#10;Holzstück zum Schnitzen (Bär):" notiz1="" notiz10="" notiz11="" notiz2="" notiz3="" notiz4="" notiz5="" notiz6="" notiz7="" notiz8="" notiz9=""/><portraet value="D:\06-DSA\Helden\Basilon Finstertanner\Basilon.jpg"/><abenteuerpunkte value="10500"/><freieabenteuerpunkte value="992"/></basis><eigenschaften><eigenschaft mod="1" name="Mut" startwert="14" value="15"/><eigenschaft mod="0" name="Klugheit" startwert="11" value="11"/><eigenschaft mod="0" name="Intuition" startwert="13" value="14"/><eigenschaft mod="0" name="Charisma" startwert="11" value="11"/><eigenschaft mod="0" name="Fingerfertigkeit" startwert="13" value="13"/><eigenschaft mod="0" name="Gewandtheit" startwert="10" value="13"/><eigenschaft mod="1" name="Konstitution" startwert="14" value="16"/><eigenschaft mod="1" name="Körperkraft" startwert="14" value="16"/><eigenschaft mod="0" name="Sozialstatus" startwert="5" value="6"/><eigenschaft mod="11" name="Lebensenergie" value="0"/><eigenschaft mod="10" name="Ausdauer" value="0"/><eigenschaft grossemeditation="0" mod="0" mrmod="-5" name="Astralenergie" value="0"/><eigenschaft karmalqueste="0" mod="0" name="Karmaenergie" value="0"/><eigenschaft mod="-5" name="Magieresistenz" value="2"/><eigenschaft mod="0" name="ini" value="12"/><eigenschaft mod="0" name="at" value="9"/><eigenschaft mod="0" name="pa" value="9"/><eigenschaft mod="0" name="fk" value="9"/></eigenschaften><vt><vorteil name="Begabung für [Talent]" value="Grobschmied"/><vorteil name="Eisern"/><vorteil name="Gutaussehend"/><vorteil name="Guter Ruf" value="2"/><vorteil name="Hitzeresistenz"/><vorteil name="Gesucht" value="1"/><vorteil name="Jähzorn" value="2"/><vorteil name="Neugier" value="6"/><vorteil name="Schlafstörungen" value="1"/><vorteil name="Weltfremd bzgl."><auswahl position="0" value="5"/><auswahl position="1" value="Städtisches Treiben "/></vorteil></vt><sf><sonderfertigkeit name="Aufmerksamkeit"/><sonderfertigkeit name="Auspendeln"/><sonderfertigkeit name="Ausweichen I"/><sonderfertigkeit name="Ausweichen II"/><sonderfertigkeit name="Block"/><sonderfertigkeit name="Doppelschlag"/><sonderfertigkeit name="Eisenarm"/><sonderfertigkeit name="Gerade"/><sonderfertigkeit name="Hammerschlag"/><sonderfertigkeit name="Handkante"/><sonderfertigkeit name="Kampfreflexe"/><sonderfertigkeit name="Kreuzblock"/><sonderfertigkeit name="Kulturkunde"><kultur name="Mittelreich"/></sonderfertigkeit><sonderfertigkeit name="Meister der Improvisation"/><sonderfertigkeit name="Niederwerfen"/><sonderfertigkeit name="Ortskenntnis"><auswahl name="Stadtviertel oder Ort"/></sonderfertigkeit><sonderfertigkeit name="Rüstungsgewöhnung I"><gegenstand name="Lederharnisch"/></sonderfertigkeit><sonderfertigkeit name="Schmetterschlag"/><sonderfertigkeit name="Schwinger"/><sonderfertigkeit name="Talentspezialisierung Grobschmied (Schwarzschmied)"><talent name="Grobschmied"/><spezialisierung name="Schwarzschmied"/></sonderfertigkeit><sonderfertigkeit name="Talentspezialisierung Zweihandhiebwaffen (Barbarenstreitaxt)"><talent name="Zweihandhiebwaffen"/><spezialisierung name="Barbarenstreitaxt"/></sonderfertigkeit><sonderfertigkeit name="Waffenloser Kampfstil: Hammerfaust"/><sonderfertigkeit name="Waldkundig"/><sonderfertigkeit name="Wuchtschlag"/></sf><ereignisse><ereignis obj="max GP für Helden: 110" text="EINSTELLUNG" time="1559262854122" version="HS 5.5.3"/><ereignis obj="max Eigenschafts-GP für Helden: 100" text="EINSTELLUNG" time="1559262854122" version="HS 5.5.3"/><ereignis obj="max Eigenschafts-Wert für Helden: 14" text="EINSTELLUNG" time="1559262854122" version="HS 5.5.3"/><ereignis obj="Eine größere Menge (431) AP wurde nicht genutzt und dem Helden gut geschrieben" text="Meistergenehmigung notwendig" time="1559262854122" version="HS 5.5.3"/><ereignis Alt="0" Neu="0" kommentar="5 GP" obj="Rasse: Thorwaler" text="RKP" time="1559262854122" version="HS 5.5.3"/><ereignis Alt="0" Neu="0" kommentar="6 GP" obj="Kultur: Mittelländische Landbevölkerung - Weiden/Greifenfurt - Fern der Zivilisation" text="RKP" time="1559262854122" version="HS 5.5.3"/><ereignis Alt="0" Neu="0" kommentar="1 GP" obj="Profession: dörflicher Handwerker, Grobschmied" text="RKP" time="1559262854122" version="HS 5.5.3"/><ereignis Alt="0" Neu="15" kommentar="14 GP" obj="Mut: 15" text="EIGENSCHAFTEN" time="1559262854122" version="HS 5.5.3"/><ereignis Alt="0" Neu="11" kommentar="11 GP" obj="Klugheit: 11" text="EIGENSCHAFTEN" time="1559262854122" version="HS 5.5.3"/><ereignis Alt="0" Neu="13" kommentar="13 GP" obj="Intuition: 13" text="EIGENSCHAFTEN" time="1559262854122" version="HS 5.5.3"/><ereignis Alt="0" Neu="11" kommentar="11 GP" obj="Charisma: 11" text="EIGENSCHAFTEN" time="1559262854122" version="HS 5.5.3"/><ereignis Alt="0" Neu="13" kommentar="13 GP" obj="Fingerfertigkeit: 13" text="EIGENSCHAFTEN" time="1559262854122" version="HS 5.5.3"/><ereignis Alt="0" Neu="10" kommentar="10 GP" obj="Gewandtheit: 10" text="EIGENSCHAFTEN" time="1559262854122" version="HS 5.5.3"/><ereignis Alt="0" Neu="15" kommentar="14 GP" obj="Konstitution: 15" text="EIGENSCHAFTEN" time="1559262854122" version="HS 5.5.3"/><ereignis Alt="0" Neu="15" kommentar="14 GP" obj="Körperkraft: 15" text="EIGENSCHAFTEN" time="1559262854122" version="HS 5.5.3"/><ereignis Alt="0" Neu="5" kommentar="0 GP" obj="Sozialstatus: 5" text="EIGENSCHAFTEN" time="1559262854122" version="HS 5.5.3"/><ereignis Alt="0" Neu="0" kommentar="4 AP" obj="Akrobatik: 0" text="TALENT" time="1559262854122" version="HS 5.5.3"/><ereignis Alt="0" Neu="2" kommentar="7 AP" obj="Körperbeherrschung: 2" text="TALENT" time="1559262854122" version="HS 5.5.3"/><ereignis Alt="0" Neu="3" kommentar="12 AP" obj="Körperbeherrschung: 3" text="TALENT" time="1559262854122" version="HS 5.5.3"/><ereignis Alt="0" Neu="4" kommentar="17 AP" obj="Körperbeherrschung: 4" text="TALENT" time="1559262854122" version="HS 5.5.3"/><ereignis Alt="0" Neu="0" kommentar="4 AP" obj="Reiten: 0" text="TALENT" time="1559262854122" version="HS 5.5.3"/><ereignis Alt="0" Neu="0" kommentar="2 AP" obj="Etikette: 0" text="TALENT" time="1559262854122" version="HS 5.5.3"/><ereignis Alt="0" Neu="0" kommentar="2 AP" obj="Gassenwissen: 0" text="TALENT" time="1559262854122" version="HS 5.5.3"/><ereignis Alt="0" Neu="0" kommentar="1 AP" obj="Sprachen kennen Oloarkh: 0" text="TALENT" time="1559262854122" version="HS 5.5.3"/><ereignis Alt="0" Neu="0" kommentar="4 GP" obj="Begabung für [Talent]: Grobschmied" text="VORTEILE" time="1559262854122" version="HS 5.5.3"/><ereignis Alt="0" Neu="0" kommentar="7 GP" obj="Eisern" text="VORTEILE" time="1559262854122" version="HS 5.5.3"/><ereignis Alt="0" Neu="0" kommentar="-5 GP" obj="Gesucht: 1" text="VORTEILE" time="1559262854122" version="HS 5.5.3"/><ereignis Alt="0" Neu="0" kommentar="5 GP" obj="Gutaussehend" text="VORTEILE" time="1559262854122" version="HS 5.5.3"/><ereignis Alt="0" Neu="0" kommentar="5 GP" obj="Hitzeresistenz" text="VORTEILE" time="1559262854122" version="HS 5.5.3"/><ereignis Alt="0" Neu="0" kommentar="0 GP" obj="Jähzorn: 6" text="VORTEILE" time="1559262854122" version="HS 5.5.3"/><ereignis Alt="0" Neu="0" kommentar="-6 GP" obj="Neugier: 6" text="VORTEILE" time="1559262854122" version="HS 5.5.3"/><ereignis Alt="0" Neu="0" kommentar="-7 GP" obj="Schlafstörungen: 1" text="VORTEILE" time="1559262854122" version="HS 5.5.3"/><ereignis Alt="0" Neu="0" kommentar="-5 GP" obj="Weltfremd bzgl.: Städtisches Treiben  5" text="VORTEILE" time="1559262854122" version="HS 5.5.3"/><ereignis obj="Auswahl" text="Waldkundig" time="1559262854122" version="HS 5.5.3"/><ereignis obj="Auswahl" text="Talentspezialisierung Grobschmied (Schwarzschmied)" time="1559262854122" version="HS 5.5.3"/><ereignis Neu="1" obj="Auswahl" text="Zweihandhiebwaffen" time="1559262854122" version="HS 5.5.3"/><ereignis Neu="2" obj="Auswahl" text="Abrichten" time="1559262854122" version="HS 5.5.3"/><ereignis Neu="1" obj="Auswahl" text="Zimmermann" time="1559262854122" version="HS 5.5.3"/><ereignis Neu="3" obj="Auswahl" text="Sprachen kennen Thorwalsch" time="1559262854122" version="HS 5.5.3"/><ereignis Neu="2" obj="Auswahl" text="Wurfspeere" time="1559262854122" version="HS 5.5.3"/><ereignis Neu="2" obj="Auswahl" text="Zweihandhiebwaffen" time="1559262854122" version="HS 5.5.3"/><ereignis Neu="2" obj="Auswahl" text="Bergbau" time="1559262854122" version="HS 5.5.3"/><ereignis Neu="2" obj="Auswahl" text="Fahrzeug lenken" time="1559262854122" version="HS 5.5.3"/><ereignis Neu="4" obj="Auswahl" text="Grobschmied" time="1559262854122" version="HS 5.5.3"/><ereignis Neu="4" obj="Auswahl" text="Holzbearbeitung" time="1559262854122" version="HS 5.5.3"/><ereignis Neu="2" obj="Auswahl" text="Maurer" time="1559262854122" version="HS 5.5.3"/><ereignis Neu="2" obj="Auswahl" text="Kriegskunst" time="1559262854122" version="HS 5.5.3"/><ereignis Neu="1" obj="Auswahl" text="Fahrzeug lenken" time="1559262854122" version="HS 5.5.3"/><ereignis Neu="2" obj="Auswahl" text="Handel" time="1559262854122" version="HS 5.5.3"/><ereignis Abenteuerpunkte="5000" kommentar=" Gesamt AP: 5000 Verfügbare AP: 5000" obj="Abenteuerpunkte (Hinzugewinn)" text="Ereignis eingeben" time="1559262911993" version="HS 5.5.3"/><ereignis Abenteuerpunkte="-450" Alt="14" Neu="15" obj="Mut" text="Eigenschaft steigern" time="1559262926911" version="HS 5.5.3"/><ereignis Abenteuerpunkte="-280" Alt="10" Neu="11" obj="Gewandtheit" text="Eigenschaft steigern" time="1559262939844" version="HS 5.5.3"/><ereignis Abenteuerpunkte="-320" Alt="11" Neu="12" obj="Gewandtheit" text="Eigenschaft steigern" time="1559262940068" version="HS 5.5.3"/><ereignis Abenteuerpunkte="-350" Alt="12" Neu="13" obj="Gewandtheit" text="Eigenschaft steigern" time="1559262940566" version="HS 5.5.3"/><ereignis Abenteuerpunkte="-450" Alt="14" Neu="15" obj="Konstitution" text="Eigenschaft steigern" time="1559262944963" version="HS 5.5.3"/><ereignis Abenteuerpunkte="-480" Alt="15" Neu="16" obj="Konstitution" text="Eigenschaft steigern" time="1559262945182" version="HS 5.5.3"/><ereignis Abenteuerpunkte="-450" Alt="14" Neu="15" obj="Körperkraft" text="Eigenschaft steigern" time="1559262946264" version="HS 5.5.3"/><ereignis Abenteuerpunkte="-480" Alt="15" Neu="16" obj="Körperkraft" text="Eigenschaft steigern" time="1559262946487" version="HS 5.5.3"/><ereignis Abenteuerpunkte="-17" Alt="3;0;0" Info="Gegenseitiges Lehren" Neu="4;0;0" obj="Hiebwaffen" text="Nahkampftalent steigern" time="1559263001459" version="HS 5.5.3"/><ereignis Abenteuerpunkte="-22" Alt="4;0;0" Info="Gegenseitiges Lehren" Neu="5;0;0" obj="Hiebwaffen" text="Nahkampftalent steigern" time="1559263001654" version="HS 5.5.3"/><ereignis Abenteuerpunkte="-27" Alt="5;0;0" Info="Gegenseitiges Lehren" Neu="6;0;0" obj="Hiebwaffen" text="Nahkampftalent steigern" time="1559263001825" version="HS 5.5.3"/><ereignis Abenteuerpunkte="-33" Alt="6;0;0" Info="Gegenseitiges Lehren" Neu="7;0;0" obj="Hiebwaffen" text="Nahkampftalent steigern" time="1559263002168" version="HS 5.5.3"/><ereignis Abenteuerpunkte="-39" Alt="7;0;0" Info="Gegenseitiges Lehren" Neu="8;0;0" obj="Hiebwaffen" text="Nahkampftalent steigern" time="1559263002356" version="HS 5.5.3"/><ereignis Abenteuerpunkte="-45" Alt="8;0;0" Info="Gegenseitiges Lehren" Neu="9;0;0" obj="Hiebwaffen" text="Nahkampftalent steigern" time="1559263002768" version="HS 5.5.3"/><ereignis Abenteuerpunkte="-50" Alt="9;0;0" Info="Gegenseitiges Lehren" Neu="10;0;0" obj="Hiebwaffen" text="Nahkampftalent steigern" time="1559263003166" version="HS 5.5.3"/><ereignis Abenteuerpunkte="-55" Alt="10;0;0" Info="Gegenseitiges Lehren" Neu="11;0;0" obj="Hiebwaffen" text="Nahkampftalent steigern" time="1559263003556" version="HS 5.5.3"/><ereignis Abenteuerpunkte="-65" Alt="11;0;0" Info="Gegenseitiges Lehren" Neu="12;0;0" obj="Hiebwaffen" text="Nahkampftalent steigern" time="1559263004073" version="HS 5.5.3"/><ereignis Abenteuerpunkte="-13" Alt="3;0;0" Info="Gegenseitiges Lehren" Neu="4;0;0" obj="Raufen" text="Nahkampftalent steigern" time="1559263008203" version="HS 5.5.3"/><ereignis Abenteuerpunkte="-17" Alt="4;0;0" Info="Gegenseitiges Lehren" Neu="5;0;0" obj="Raufen" text="Nahkampftalent steigern" time="1559263008404" version="HS 5.5.3"/><ereignis Abenteuerpunkte="-21" Alt="5;0;0" Info="Gegenseitiges Lehren" Neu="6;0;0" obj="Raufen" text="Nahkampftalent steigern" time="1559263008814" version="HS 5.5.3"/><ereignis Abenteuerpunkte="-25" Alt="6;0;0" Info="Gegenseitiges Lehren" Neu="7;0;0" obj="Raufen" text="Nahkampftalent steigern" time="1559263009266" version="HS 5.5.3"/><ereignis Abenteuerpunkte="-17" Alt="3;0;0" Info="Gegenseitiges Lehren" Neu="4;0;0" obj="Ringen" text="Nahkampftalent steigern" time="1559263012628" version="HS 5.5.3"/><ereignis Abenteuerpunkte="-22" Alt="4;0;0" Info="Gegenseitiges Lehren" Neu="5;0;0" obj="Ringen" text="Nahkampftalent steigern" time="1559263012879" version="HS 5.5.3"/><ereignis Abenteuerpunkte="-3" Alt="0;0;0" Info="Gegenseitiges Lehren" Neu="1;0;0" obj="Säbel" text="Nahkampftalent steigern" time="1559263017010" version="HS 5.5.3"/><ereignis Abenteuerpunkte="-7" Alt="1;0;0" Info="Gegenseitiges Lehren" Neu="2;0;0" obj="Säbel" text="Nahkampftalent steigern" time="1559263017227" version="HS 5.5.3"/><ereignis Abenteuerpunkte="-2" Alt="0" Info="Gegenseitiges Lehren" Neu="1" obj="Wurfmesser" text="Talent steigern" time="1559263024405" version="HS 5.5.3"/><ereignis Abenteuerpunkte="-6" Alt="1" Info="Gegenseitiges Lehren" Neu="2" obj="Wurfmesser" text="Talent steigern" time="1559263024622" version="HS 5.5.3"/><ereignis Abenteuerpunkte="-9" Alt="2" Info="Gegenseitiges Lehren" Neu="3" obj="Wurfspeere" text="Talent steigern" time="1559263027293" version="HS 5.5.3"/><ereignis Abenteuerpunkte="-17" Alt="3;0;0" Info="Gegenseitiges Lehren" Neu="4;0;0" obj="Zweihandhiebwaffen" text="Nahkampftalent steigern" time="1559263040899" version="HS 5.5.3"/><ereignis Abenteuerpunkte="-22" Alt="4;0;0" Info="Gegenseitiges Lehren" Neu="5;0;0" obj="Zweihandhiebwaffen" text="Nahkampftalent steigern" time="1559263041090" version="HS 5.5.3"/><ereignis Abenteuerpunkte="-27" Alt="5;0;0" Info="Gegenseitiges Lehren" Neu="6;0;0" obj="Zweihandhiebwaffen" text="Nahkampftalent steigern" time="1559263041468" version="HS 5.5.3"/><ereignis Abenteuerpunkte="-33" Alt="6;0;0" Info="Gegenseitiges Lehren" Neu="7;0;0" obj="Zweihandhiebwaffen" text="Nahkampftalent steigern" time="1559263041648" version="HS 5.5.3"/><ereignis Abenteuerpunkte="-39" Alt="7;0;0" Info="Gegenseitiges Lehren" Neu="8;0;0" obj="Zweihandhiebwaffen" text="Nahkampftalent steigern" time="1559263041848" version="HS 5.5.3"/><ereignis Abenteuerpunkte="-45" Alt="8;0;0" Info="Gegenseitiges Lehren" Neu="9;0;0" obj="Zweihandhiebwaffen" text="Nahkampftalent steigern" time="1559263042038" version="HS 5.5.3"/><ereignis Abenteuerpunkte="-50" Alt="9;0;0" Info="Gegenseitiges Lehren" Neu="10;0;0" obj="Zweihandhiebwaffen" text="Nahkampftalent steigern" time="1559263042214" version="HS 5.5.3"/><ereignis Abenteuerpunkte="-55" Alt="10;0;0" Info="Gegenseitiges Lehren" Neu="11;0;0" obj="Zweihandhiebwaffen" text="Nahkampftalent steigern" time="1559263042427" version="HS 5.5.3"/><ereignis Abenteuerpunkte="-65" Alt="11;0;0" Info="Gegenseitiges Lehren" Neu="12;0;0" obj="Zweihandhiebwaffen" text="Nahkampftalent steigern" time="1559263042946" version="HS 5.5.3"/><ereignis Abenteuerpunkte="-70" Alt="12;0;0" Info="Gegenseitiges Lehren" Neu="13;0;0" obj="Zweihandhiebwaffen" text="Nahkampftalent steigern" time="1559263043186" version="HS 5.5.3"/><ereignis Abenteuerpunkte="-75" Alt="13;0;0" Info="Gegenseitiges Lehren" Neu="14;0;0" obj="Zweihandhiebwaffen" text="Nahkampftalent steigern" time="1559263043533" version="HS 5.5.3"/><ereignis Abenteuerpunkte="-85" Alt="14;0;0" Info="Gegenseitiges Lehren" Neu="15;0;0" obj="Zweihandhiebwaffen" text="Nahkampftalent steigern" time="1559263044066" version="HS 5.5.3"/><ereignis Abenteuerpunkte="-17" Alt="3" Info="Gegenseitiges Lehren" Neu="4" obj="Athletik" text="Talent steigern" time="1559263063376" version="HS 5.5.3"/><ereignis Abenteuerpunkte="-22" Alt="4" Info="Gegenseitiges Lehren" Neu="5" obj="Athletik" text="Talent steigern" time="1559263063622" version="HS 5.5.3"/><ereignis Abenteuerpunkte="-27" Alt="5" Info="Gegenseitiges Lehren" Neu="6" obj="Athletik" text="Talent steigern" time="1559263064161" version="HS 5.5.3"/><ereignis Abenteuerpunkte="-33" Alt="6" Info="Gegenseitiges Lehren" Neu="7" obj="Athletik" text="Talent steigern" time="1559263064913" version="HS 5.5.3"/><ereignis Abenteuerpunkte="-3" Alt="0" Info="Gegenseitiges Lehren" Neu="1" obj="Klettern" text="Talent steigern" time="1559263071322" version="HS 5.5.3"/><ereignis Abenteuerpunkte="-7" Alt="1" Info="Gegenseitiges Lehren" Neu="2" obj="Klettern" text="Talent steigern" time="1559263071532" version="HS 5.5.3"/><ereignis Abenteuerpunkte="-12" Alt="2" Info="Gegenseitiges Lehren" Neu="3" obj="Klettern" text="Talent steigern" time="1559263072048" version="HS 5.5.3"/><ereignis Abenteuerpunkte="-3" Alt="0" Info="Gegenseitiges Lehren" Neu="1" obj="Akrobatik" text="Talent steigern" time="1559263078439" version="HS 5.5.3"/><ereignis Abenteuerpunkte="-7" Alt="1" Info="Gegenseitiges Lehren" Neu="2" obj="Akrobatik" text="Talent steigern" time="1559263078653" version="HS 5.5.3"/><ereignis Abenteuerpunkte="-22" Alt="4" Info="Gegenseitiges Lehren" Neu="5" obj="Körperbeherrschung" text="Talent steigern" time="1559263086870" version="HS 5.5.3"/><ereignis Abenteuerpunkte="-27" Alt="5" Info="Gegenseitiges Lehren" Neu="6" obj="Körperbeherrschung" text="Talent steigern" time="1559263087061" version="HS 5.5.3"/><ereignis Abenteuerpunkte="-33" Alt="6" Info="Gegenseitiges Lehren" Neu="7" obj="Körperbeherrschung" text="Talent steigern" time="1559263087701" version="HS 5.5.3"/><ereignis Abenteuerpunkte="-3" Alt="0" Info="Gegenseitiges Lehren" Neu="1" obj="Schleichen" text="Talent steigern" time="1559263093396" version="HS 5.5.3"/><ereignis Abenteuerpunkte="-7" Alt="1" Info="Gegenseitiges Lehren" Neu="2" obj="Schleichen" text="Talent steigern" time="1559263093614" version="HS 5.5.3"/><ereignis Abenteuerpunkte="-12" Alt="2" Info="Gegenseitiges Lehren" Neu="3" obj="Schleichen" text="Talent steigern" time="1559263093819" version="HS 5.5.3"/><ereignis Abenteuerpunkte="-3" Alt="0" Info="Gegenseitiges Lehren" Neu="1" obj="Reiten" text="Talent steigern" time="1559263101743" version="HS 5.5.3"/><ereignis Abenteuerpunkte="-7" Alt="1" Info="Gegenseitiges Lehren" Neu="2" obj="Reiten" text="Talent steigern" time="1559263101964" version="HS 5.5.3"/><ereignis Abenteuerpunkte="-12" Alt="2" Info="Gegenseitiges Lehren" Neu="3" obj="Reiten" text="Talent steigern" time="1559263102175" version="HS 5.5.3"/><ereignis Abenteuerpunkte="-12" Alt="2" Info="Gegenseitiges Lehren" Neu="3" obj="Sinnenschärfe" text="Talent steigern" time="1559263119725" version="HS 5.5.3"/><ereignis Abenteuerpunkte="-17" Alt="3" Info="Gegenseitiges Lehren" Neu="4" obj="Sinnenschärfe" text="Talent steigern" time="1559263120056" version="HS 5.5.3"/><ereignis Abenteuerpunkte="-22" Alt="4" Info="Gegenseitiges Lehren" Neu="5" obj="Sinnenschärfe" text="Talent steigern" time="1559263120530" version="HS 5.5.3"/><ereignis Abenteuerpunkte="-17" Alt="3" Info="Gegenseitiges Lehren" Neu="4" obj="Reiten" text="Talent steigern" time="1559263142957" version="HS 5.5.3"/><ereignis Abenteuerpunkte="-22" Alt="4" Info="Gegenseitiges Lehren" Neu="5" obj="Reiten" text="Talent steigern" time="1559263143331" version="HS 5.5.3"/><ereignis Abenteuerpunkte="-27" Alt="5" Info="Gegenseitiges Lehren" Neu="6" obj="Reiten" text="Talent steigern" time="1559263143826" version="HS 5.5.3"/><ereignis Abenteuerpunkte="-17" Alt="3" Info="Gegenseitiges Lehren" Neu="4" obj="Selbstbeherrschung" text="Talent steigern" time="1559263150137" version="HS 5.5.3"/><ereignis Abenteuerpunkte="-22" Alt="4" Info="Gegenseitiges Lehren" Neu="5" obj="Selbstbeherrschung" text="Talent steigern" time="1559263150331" version="HS 5.5.3"/><ereignis Abenteuerpunkte="-27" Alt="5" Info="Gegenseitiges Lehren" Neu="6" obj="Selbstbeherrschung" text="Talent steigern" time="1559263150543" version="HS 5.5.3"/><ereignis Abenteuerpunkte="-33" Alt="6" Info="Gegenseitiges Lehren" Neu="7" obj="Selbstbeherrschung" text="Talent steigern" time="1559263151026" version="HS 5.5.3"/><ereignis Abenteuerpunkte="-39" Alt="7" Info="Gegenseitiges Lehren" Neu="8" obj="Selbstbeherrschung" text="Talent steigern" time="1559263151511" version="HS 5.5.3"/><ereignis Abenteuerpunkte="-17" Alt="3" Info="Gegenseitiges Lehren" Neu="4" obj="Klettern" text="Talent steigern" time="1559263157863" version="HS 5.5.3"/><ereignis Abenteuerpunkte="-20" Neu="0" obj="Stimmen imitieren" text="Talent aktivieren" time="1559263175229" version="HS 5.5.3"/><ereignis Abenteuerpunkte="-3" Alt="0" Info="Gegenseitiges Lehren" Neu="1" obj="Stimmen imitieren" text="Talent steigern" time="1559263192875" version="HS 5.5.3"/><ereignis Abenteuerpunkte="-7" Alt="1" Info="Gegenseitiges Lehren" Neu="2" obj="Stimmen imitieren" text="Talent steigern" time="1559263193100" version="HS 5.5.3"/><ereignis Abenteuerpunkte="-12" Alt="2" Info="Gegenseitiges Lehren" Neu="3" obj="Stimmen imitieren" text="Talent steigern" time="1559263193281" version="HS 5.5.3"/><ereignis Abenteuerpunkte="-17" Alt="3" Info="Gegenseitiges Lehren" Neu="4" obj="Stimmen imitieren" text="Talent steigern" time="1559263193973" version="HS 5.5.3"/><ereignis Abenteuerpunkte="-2" Alt="0" Info="Gegenseitiges Lehren" Neu="1" obj="Etikette" text="Talent steigern" time="1559263210856" version="HS 5.5.3"/><ereignis Abenteuerpunkte="-4" Alt="1" Info="Gegenseitiges Lehren" Neu="2" obj="Etikette" text="Talent steigern" time="1559263211053" version="HS 5.5.3"/><ereignis Abenteuerpunkte="-6" Alt="2" Info="Gegenseitiges Lehren" Neu="3" obj="Etikette" text="Talent steigern" time="1559263211254" version="HS 5.5.3"/><ereignis Abenteuerpunkte="-8" Alt="3" Info="Gegenseitiges Lehren" Neu="4" obj="Etikette" text="Talent steigern" time="1559263211763" version="HS 5.5.3"/><ereignis Abenteuerpunkte="-2" Alt="0" Info="Gegenseitiges Lehren" Neu="1" obj="Gassenwissen" text="Talent steigern" time="1559263217978" version="HS 5.5.3"/><ereignis Abenteuerpunkte="-6" Alt="2" Info="Gegenseitiges Lehren" Neu="3" obj="Überreden" text="Talent steigern" time="1559263243591" version="HS 5.5.3"/><ereignis Abenteuerpunkte="-6" Alt="2" Info="Gegenseitiges Lehren" Neu="3" obj="Menschenkenntnis" text="Talent steigern" time="1559263249428" version="HS 5.5.3"/><ereignis Abenteuerpunkte="-8" Alt="3" Info="Gegenseitiges Lehren" Neu="4" obj="Menschenkenntnis" text="Talent steigern" time="1559263249638" version="HS 5.5.3"/><ereignis Abenteuerpunkte="-11" Alt="4" Info="Gegenseitiges Lehren" Neu="5" obj="Menschenkenntnis" text="Talent steigern" time="1559263249823" version="HS 5.5.3"/><ereignis Abenteuerpunkte="-14" Alt="5" Info="Gegenseitiges Lehren" Neu="6" obj="Menschenkenntnis" text="Talent steigern" time="1559263250350" version="HS 5.5.3"/><ereignis Abenteuerpunkte="-6" Alt="2" Info="Gegenseitiges Lehren" Neu="3" obj="Fährtensuchen" text="Talent steigern" time="1559263265213" version="HS 5.5.3"/><ereignis Abenteuerpunkte="-8" Alt="3" Info="Gegenseitiges Lehren" Neu="4" obj="Fährtensuchen" text="Talent steigern" time="1559263265613" version="HS 5.5.3"/><ereignis Abenteuerpunkte="-11" Alt="4" Info="Gegenseitiges Lehren" Neu="5" obj="Fährtensuchen" text="Talent steigern" time="1559263266050" version="HS 5.5.3"/><ereignis Abenteuerpunkte="-14" Alt="5" Info="Gegenseitiges Lehren" Neu="6" obj="Fährtensuchen" text="Talent steigern" time="1559263266534" version="HS 5.5.3"/><ereignis Abenteuerpunkte="-6" Alt="2" Info="Gegenseitiges Lehren" Neu="3" obj="Orientierung" text="Talent steigern" time="1559263271113" version="HS 5.5.3"/><ereignis Abenteuerpunkte="-8" Alt="3" Info="Gegenseitiges Lehren" Neu="4" obj="Orientierung" text="Talent steigern" time="1559263272529" version="HS 5.5.3"/><ereignis Abenteuerpunkte="-11" Alt="4" Info="Gegenseitiges Lehren" Neu="5" obj="Orientierung" text="Talent steigern" time="1559263272722" version="HS 5.5.3"/><ereignis Abenteuerpunkte="-14" Alt="5" Info="Gegenseitiges Lehren" Neu="6" obj="Orientierung" text="Talent steigern" time="1559263272906" version="HS 5.5.3"/><ereignis Abenteuerpunkte="-17" Alt="6" Info="Gegenseitiges Lehren" Neu="7" obj="Orientierung" text="Talent steigern" time="1559263273636" version="HS 5.5.3"/><ereignis Abenteuerpunkte="-4" Alt="1" Info="Gegenseitiges Lehren" Neu="2" obj="Fallen stellen" text="Talent steigern" time="1559263279927" version="HS 5.5.3"/><ereignis Abenteuerpunkte="-6" Alt="2" Info="Gegenseitiges Lehren" Neu="3" obj="Fallen stellen" text="Talent steigern" time="1559263280098" version="HS 5.5.3"/><ereignis Abenteuerpunkte="-8" Alt="3" Info="Gegenseitiges Lehren" Neu="4" obj="Fallen stellen" text="Talent steigern" time="1559263280265" version="HS 5.5.3"/><ereignis Abenteuerpunkte="-11" Alt="4" Info="Gegenseitiges Lehren" Neu="5" obj="Fallen stellen" text="Talent steigern" time="1559263280796" version="HS 5.5.3"/><ereignis Abenteuerpunkte="-10" Neu="0" obj="Fesseln/Entfesseln" text="Talent aktivieren" time="1559263324462" version="HS 5.5.3"/><ereignis Abenteuerpunkte="-10" Neu="0" obj="Fischen/Angeln" text="Talent aktivieren" time="1559263331870" version="HS 5.5.3"/><ereignis Abenteuerpunkte="-2" Alt="0" Info="Gegenseitiges Lehren" Neu="1" obj="Fesseln/Entfesseln" text="Talent steigern" time="1559263344327" version="HS 5.5.3"/><ereignis Abenteuerpunkte="-4" Alt="1" Info="Gegenseitiges Lehren" Neu="2" obj="Fesseln/Entfesseln" text="Talent steigern" time="1559263344836" version="HS 5.5.3"/><ereignis Abenteuerpunkte="-6" Alt="2" Info="Gegenseitiges Lehren" Neu="3" obj="Fesseln/Entfesseln" text="Talent steigern" time="1559263345026" version="HS 5.5.3"/><ereignis Abenteuerpunkte="-8" Alt="3" Info="Gegenseitiges Lehren" Neu="4" obj="Fesseln/Entfesseln" text="Talent steigern" time="1559263345435" version="HS 5.5.3"/><ereignis Abenteuerpunkte="-11" Alt="4" Info="Gegenseitiges Lehren" Neu="5" obj="Fesseln/Entfesseln" text="Talent steigern" time="1559263346047" version="HS 5.5.3"/><ereignis Abenteuerpunkte="-14" Alt="5" Info="Gegenseitiges Lehren" Neu="6" obj="Fesseln/Entfesseln" text="Talent steigern" time="1559263346485" version="HS 5.5.3"/><ereignis Abenteuerpunkte="-2" Alt="0" Info="Gegenseitiges Lehren" Neu="1" obj="Fischen/Angeln" text="Talent steigern" time="1559263350861" version="HS 5.5.3"/><ereignis Abenteuerpunkte="-4" Alt="1" Info="Gegenseitiges Lehren" Neu="2" obj="Fischen/Angeln" text="Talent steigern" time="1559263351216" version="HS 5.5.3"/><ereignis Abenteuerpunkte="-6" Alt="2" Info="Gegenseitiges Lehren" Neu="3" obj="Fischen/Angeln" text="Talent steigern" time="1559263351436" version="HS 5.5.3"/><ereignis Abenteuerpunkte="-8" Alt="3" Info="Gegenseitiges Lehren" Neu="4" obj="Fischen/Angeln" text="Talent steigern" time="1559263351807" version="HS 5.5.3"/><ereignis Abenteuerpunkte="-11" Alt="4" Info="Gegenseitiges Lehren" Neu="5" obj="Fischen/Angeln" text="Talent steigern" time="1559263352644" version="HS 5.5.3"/><ereignis Abenteuerpunkte="-14" Alt="5" Info="Gegenseitiges Lehren" Neu="6" obj="Fischen/Angeln" text="Talent steigern" time="1559263353237" version="HS 5.5.3"/><ereignis Abenteuerpunkte="-11" Alt="4" Info="Gegenseitiges Lehren" Neu="5" obj="Wettervorhersage" text="Talent steigern" time="1559263357047" version="HS 5.5.3"/><ereignis Abenteuerpunkte="-14" Alt="5" Info="Gegenseitiges Lehren" Neu="6" obj="Wettervorhersage" text="Talent steigern" time="1559263357238" version="HS 5.5.3"/><ereignis Abenteuerpunkte="-17" Alt="6" Info="Gegenseitiges Lehren" Neu="7" obj="Wettervorhersage" text="Talent steigern" time="1559263357635" version="HS 5.5.3"/><ereignis Abenteuerpunkte="-14" Alt="5" Info="Gegenseitiges Lehren" Neu="6" obj="Wildnisleben" text="Talent steigern" time="1559263365354" version="HS 5.5.3"/><ereignis Abenteuerpunkte="-17" Alt="6" Info="Gegenseitiges Lehren" Neu="7" obj="Wildnisleben" text="Talent steigern" time="1559263365555" version="HS 5.5.3"/><ereignis Abenteuerpunkte="-19" Alt="7" Info="Gegenseitiges Lehren" Neu="8" obj="Wildnisleben" text="Talent steigern" time="1559263365916" version="HS 5.5.3"/><ereignis Abenteuerpunkte="-22" Alt="8" Info="Gegenseitiges Lehren" Neu="9" obj="Wildnisleben" text="Talent steigern" time="1559263366426" version="HS 5.5.3"/><ereignis Abenteuerpunkte="-25" Alt="9" Info="Gegenseitiges Lehren" Neu="10" obj="Wildnisleben" text="Talent steigern" time="1559263366949" version="HS 5.5.3"/><ereignis Abenteuerpunkte="-8" Alt="3" Info="Gegenseitiges Lehren" Neu="4" obj="Rechnen" text="Talent steigern" time="1559291438046" version="HS 5.5.3"/><ereignis Abenteuerpunkte="-8" Alt="3" Info="Gegenseitiges Lehren" Neu="4" obj="Sagen und Legenden" text="Talent steigern" time="1559291442739" version="HS 5.5.3"/><ereignis Abenteuerpunkte="-10" Neu="0" obj="Geografie" text="Talent aktivieren" time="1559291455674" version="HS 5.5.3"/><ereignis Abenteuerpunkte="-10" Neu="0" obj="Heraldik" text="Talent aktivieren" time="1559291460005" version="HS 5.5.3"/><ereignis Abenteuerpunkte="-10" Neu="0" obj="Geschichtswissen" text="Talent aktivieren" time="1559291461615" version="HS 5.5.3"/><ereignis Abenteuerpunkte="500" kommentar=" Gesamt AP: 500 Verfügbare AP: 500" obj="Abenteuerpunkte (Hinzugewinn)" text="Ereignis eingeben" time="1559291476021" version="HS 5.5.3"/><ereignis Abenteuerpunkte="-2" Alt="0" Info="Gegenseitiges Lehren" Neu="1" obj="Geografie" text="Talent steigern" time="1559291486607" version="HS 5.5.3"/><ereignis Abenteuerpunkte="-4" Alt="1" Info="Gegenseitiges Lehren" Neu="2" obj="Geografie" text="Talent steigern" time="1559291486777" version="HS 5.5.3"/><ereignis Abenteuerpunkte="-6" Alt="2" Info="Gegenseitiges Lehren" Neu="3" obj="Geografie" text="Talent steigern" time="1559291486945" version="HS 5.5.3"/><ereignis Abenteuerpunkte="-2" Alt="0" Info="Gegenseitiges Lehren" Neu="1" obj="Geschichtswissen" text="Talent steigern" time="1559291491272" version="HS 5.5.3"/><ereignis Abenteuerpunkte="-4" Alt="1" Info="Gegenseitiges Lehren" Neu="2" obj="Geschichtswissen" text="Talent steigern" time="1559291491457" version="HS 5.5.3"/><ereignis Abenteuerpunkte="-6" Alt="2" Info="Gegenseitiges Lehren" Neu="3" obj="Geschichtswissen" text="Talent steigern" time="1559291491650" version="HS 5.5.3"/><ereignis Abenteuerpunkte="-8" Alt="3" Info="Gegenseitiges Lehren" Neu="4" obj="Geschichtswissen" text="Talent steigern" time="1559291491951" version="HS 5.5.3"/><ereignis Abenteuerpunkte="-2" Alt="0" Info="Gegenseitiges Lehren" Neu="1" obj="Heraldik" text="Talent steigern" time="1559291498979" version="HS 5.5.3"/><ereignis Abenteuerpunkte="-4" Alt="1" Info="Gegenseitiges Lehren" Neu="2" obj="Heraldik" text="Talent steigern" time="1559291499162" version="HS 5.5.3"/><ereignis Abenteuerpunkte="-6" Alt="2" Info="Gegenseitiges Lehren" Neu="3" obj="Heraldik" text="Talent steigern" time="1559291499348" version="HS 5.5.3"/><ereignis Abenteuerpunkte="-6" Alt="2" Info="Gegenseitiges Lehren" Neu="3" obj="Kriegskunst" text="Talent steigern" time="1559291506318" version="HS 5.5.3"/><ereignis Abenteuerpunkte="-10" Neu="0" obj="Magiekunde" text="Talent aktivieren" time="1559291517350" version="HS 5.5.3"/><ereignis Abenteuerpunkte="-2" Alt="0" Info="Gegenseitiges Lehren" Neu="1" obj="Magiekunde" text="Talent steigern" time="1559291522836" version="HS 5.5.3"/><ereignis Abenteuerpunkte="-4" Alt="1" Info="Gegenseitiges Lehren" Neu="2" obj="Magiekunde" text="Talent steigern" time="1559291522972" version="HS 5.5.3"/><ereignis Abenteuerpunkte="-6" Alt="2" Info="Gegenseitiges Lehren" Neu="3" obj="Magiekunde" text="Talent steigern" time="1559291523134" version="HS 5.5.3"/><ereignis Abenteuerpunkte="-8" Alt="3" Info="Gegenseitiges Lehren" Neu="4" obj="Magiekunde" text="Talent steigern" time="1559291523322" version="HS 5.5.3"/><ereignis Abenteuerpunkte="-11" Alt="4" Info="Gegenseitiges Lehren" Neu="5" obj="Magiekunde" text="Talent steigern" time="1559291523648" version="HS 5.5.3"/><ereignis Abenteuerpunkte="-14" Alt="5" Info="Gegenseitiges Lehren" Neu="6" obj="Magiekunde" text="Talent steigern" time="1559291524885" version="HS 5.5.3"/><ereignis Abenteuerpunkte="-17" Alt="6" Info="Gegenseitiges Lehren" Neu="7" obj="Magiekunde" text="Talent steigern" time="1559291525456" version="HS 5.5.3"/><ereignis Abenteuerpunkte="-10" Neu="0" obj="Mechanik" text="Talent aktivieren" time="1559291546227" version="HS 5.5.3"/><ereignis Abenteuerpunkte="-10" Neu="0" obj="Sternkunde" text="Talent aktivieren" time="1559291558948" version="HS 5.5.3"/><ereignis Abenteuerpunkte="-4" Alt="1" Info="Gegenseitiges Lehren" Neu="2" obj="Tierkunde" text="Talent steigern" time="1559291578741" version="HS 5.5.3"/><ereignis Abenteuerpunkte="-6" Alt="2" Info="Gegenseitiges Lehren" Neu="3" obj="Tierkunde" text="Talent steigern" time="1559291578935" version="HS 5.5.3"/><ereignis Abenteuerpunkte="-8" Alt="3" Info="Gegenseitiges Lehren" Neu="4" obj="Tierkunde" text="Talent steigern" time="1559291579120" version="HS 5.5.3"/><ereignis Abenteuerpunkte="-11" Alt="4" Info="Gegenseitiges Lehren" Neu="5" obj="Tierkunde" text="Talent steigern" time="1559291579841" version="HS 5.5.3"/><ereignis Abenteuerpunkte="-2" Alt="0" Info="Gegenseitiges Lehren" Neu="1" obj="Sternkunde" text="Talent steigern" time="1559291582528" version="HS 5.5.3"/><ereignis Abenteuerpunkte="-4" Alt="1" Info="Gegenseitiges Lehren" Neu="2" obj="Sternkunde" text="Talent steigern" time="1559291582723" version="HS 5.5.3"/><ereignis Abenteuerpunkte="-6" Alt="2" Info="Gegenseitiges Lehren" Neu="3" obj="Schätzen" text="Talent steigern" time="1559291586344" version="HS 5.5.3"/><ereignis Abenteuerpunkte="-8" Alt="3" Info="Gegenseitiges Lehren" Neu="4" obj="Schätzen" text="Talent steigern" time="1559291586520" version="HS 5.5.3"/><ereignis Abenteuerpunkte="-4" Alt="1" Info="Gegenseitiges Lehren" Neu="2" obj="Rechtskunde" text="Talent steigern" time="1559291597357" version="HS 5.5.3"/><ereignis Abenteuerpunkte="-6" Alt="2" Info="Gegenseitiges Lehren" Neu="3" obj="Rechtskunde" text="Talent steigern" time="1559291597595" version="HS 5.5.3"/><ereignis Abenteuerpunkte="-8" Alt="3" Info="Gegenseitiges Lehren" Neu="4" obj="Rechtskunde" text="Talent steigern" time="1559291598357" version="HS 5.5.3"/><ereignis Abenteuerpunkte="-4" Alt="1" Info="Gegenseitiges Lehren" Neu="2" obj="Pflanzenkunde" text="Talent steigern" time="1559291603127" version="HS 5.5.3"/><ereignis Abenteuerpunkte="-6" Alt="2" Info="Gegenseitiges Lehren" Neu="3" obj="Pflanzenkunde" text="Talent steigern" time="1559291603339" version="HS 5.5.3"/><ereignis Abenteuerpunkte="-8" Alt="3" Info="Gegenseitiges Lehren" Neu="4" obj="Pflanzenkunde" text="Talent steigern" time="1559291603496" version="HS 5.5.3"/><ereignis Abenteuerpunkte="-2" Alt="0" Info="Gegenseitiges Lehren" Neu="1" obj="Mechanik" text="Talent steigern" time="1559291607125" version="HS 5.5.3"/><ereignis Abenteuerpunkte="-4" Alt="1" Info="Gegenseitiges Lehren" Neu="2" obj="Mechanik" text="Talent steigern" time="1559291607312" version="HS 5.5.3"/><ereignis Abenteuerpunkte="-6" Alt="2" Info="Gegenseitiges Lehren" Neu="3" obj="Mechanik" text="Talent steigern" time="1559291607492" version="HS 5.5.3"/><ereignis Abenteuerpunkte="-8" Alt="3" Info="Gegenseitiges Lehren" Neu="4" obj="Mechanik" text="Talent steigern" time="1559291607977" version="HS 5.5.3"/><ereignis Abenteuerpunkte="-2" Alt="0" Info="Gegenseitiges Lehren" Neu="1" obj="Sprachen kennen Oloarkh" text="Talent steigern" time="1559291630095" version="HS 5.5.3"/><ereignis Abenteuerpunkte="-4" Alt="1" Info="Gegenseitiges Lehren" Neu="2" obj="Sprachen kennen Oloarkh" text="Talent steigern" time="1559291630288" version="HS 5.5.3"/><ereignis Abenteuerpunkte="-6" Alt="2" Info="Gegenseitiges Lehren" Neu="3" obj="Sprachen kennen Oloarkh" text="Talent steigern" time="1559291630816" version="HS 5.5.3"/><ereignis Abenteuerpunkte="-10" Neu="0" obj="Sprachen kennen Rogolan" text="Talent aktivieren" time="1559291648439" version="HS 5.5.3"/><ereignis Abenteuerpunkte="-2" Alt="0" Info="Gegenseitiges Lehren" Neu="1" obj="Sprachen kennen Rogolan" text="Talent steigern" time="1559291655840" version="HS 5.5.3"/><ereignis Abenteuerpunkte="-4" Alt="1" Info="Gegenseitiges Lehren" Neu="2" obj="Sprachen kennen Rogolan" text="Talent steigern" time="1559291656080" version="HS 5.5.3"/><ereignis Abenteuerpunkte="-4" Alt="3" Info="Gegenseitiges Lehren" Neu="4" obj="Sprachen kennen Thorwalsch" text="Talent steigern" time="1559291660016" version="HS 5.5.3"/><ereignis Abenteuerpunkte="-10" Neu="0" obj="Sprachenkunde" text="Talent aktivieren" time="1559291672520" version="HS 5.5.3"/><ereignis Abenteuerpunkte="-2" Alt="0" Info="Gegenseitiges Lehren" Neu="1" obj="Sprachenkunde" text="Talent steigern" time="1559291680897" version="HS 5.5.3"/><ereignis Abenteuerpunkte="-4" Alt="1" Info="Gegenseitiges Lehren" Neu="2" obj="Sprachenkunde" text="Talent steigern" time="1559291681058" version="HS 5.5.3"/><ereignis Abenteuerpunkte="-6" Alt="2" Info="Gegenseitiges Lehren" Neu="3" obj="Sprachenkunde" text="Talent steigern" time="1559291681249" version="HS 5.5.3"/><ereignis Abenteuerpunkte="-6" Alt="2" Info="Gegenseitiges Lehren" Neu="3" obj="Heilkunde: Wunden" text="Talent steigern" time="1559291709231" version="HS 5.5.3"/><ereignis Abenteuerpunkte="-8" Alt="3" Info="Gegenseitiges Lehren" Neu="4" obj="Heilkunde: Wunden" text="Talent steigern" time="1559291709513" version="HS 5.5.3"/><ereignis Abenteuerpunkte="-11" Alt="4" Info="Gegenseitiges Lehren" Neu="5" obj="Heilkunde: Wunden" text="Talent steigern" time="1559291710066" version="HS 5.5.3"/><ereignis Abenteuerpunkte="-17" Alt="6" Info="Gegenseitiges Lehren" Neu="7" obj="Holzbearbeitung" text="Talent steigern" time="1559291718378" version="HS 5.5.3"/><ereignis Abenteuerpunkte="-19" Alt="7" Info="Gegenseitiges Lehren" Neu="8" obj="Holzbearbeitung" text="Talent steigern" time="1559291718701" version="HS 5.5.3"/><ereignis Abenteuerpunkte="-22" Alt="8" Info="Gegenseitiges Lehren" Neu="9" obj="Holzbearbeitung" text="Talent steigern" time="1559291719208" version="HS 5.5.3"/><ereignis Abenteuerpunkte="-2" Alt="0" Info="Gegenseitiges Lehren" Neu="1" obj="Kochen" text="Talent steigern" time="1559291727103" version="HS 5.5.3"/><ereignis Abenteuerpunkte="-4" Alt="1" Info="Gegenseitiges Lehren" Neu="2" obj="Kochen" text="Talent steigern" time="1559291727269" version="HS 5.5.3"/><ereignis Abenteuerpunkte="-6" Alt="2" Info="Gegenseitiges Lehren" Neu="3" obj="Kochen" text="Talent steigern" time="1559291727437" version="HS 5.5.3"/><ereignis Abenteuerpunkte="-8" Alt="3" Info="Gegenseitiges Lehren" Neu="4" obj="Kochen" text="Talent steigern" time="1559291727873" version="HS 5.5.3"/><ereignis Abenteuerpunkte="-11" Alt="4" Info="Gegenseitiges Lehren" Neu="5" obj="Kochen" text="Talent steigern" time="1559291728192" version="HS 5.5.3"/><ereignis Abenteuerpunkte="-14" Alt="5" Info="Gegenseitiges Lehren" Neu="6" obj="Kochen" text="Talent steigern" time="1559291728704" version="HS 5.5.3"/><ereignis Abenteuerpunkte="-6" Alt="2" Info="Gegenseitiges Lehren" Neu="3" obj="Lederarbeiten" text="Talent steigern" time="1559291733539" version="HS 5.5.3"/><ereignis Abenteuerpunkte="-8" Alt="3" Info="Gegenseitiges Lehren" Neu="4" obj="Lederarbeiten" text="Talent steigern" time="1559291733898" version="HS 5.5.3"/><ereignis Abenteuerpunkte="-4" Alt="1" Info="Gegenseitiges Lehren" Neu="2" obj="Malen/Zeichnen" text="Talent steigern" time="1559291741082" version="HS 5.5.3"/><ereignis Abenteuerpunkte="-6" Alt="2" Info="Gegenseitiges Lehren" Neu="3" obj="Malen/Zeichnen" text="Talent steigern" time="1559291741275" version="HS 5.5.3"/><ereignis Abenteuerpunkte="-4" Alt="1" Info="Gegenseitiges Lehren" Neu="2" obj="Schneidern" text="Talent steigern" time="1559291753183" version="HS 5.5.3"/><ereignis Abenteuerpunkte="-6" Alt="2" Info="Gegenseitiges Lehren" Neu="3" obj="Schneidern" text="Talent steigern" time="1559291753357" version="HS 5.5.3"/><ereignis Abenteuerpunkte="-8" Alt="3" Info="Gegenseitiges Lehren" Neu="4" obj="Schneidern" text="Talent steigern" time="1559291753523" version="HS 5.5.3"/><ereignis Abenteuerpunkte="-6" Alt="2" Info="Gegenseitiges Lehren" Neu="3" obj="Abrichten" text="Talent steigern" time="1559291761981" version="HS 5.5.3"/><ereignis Abenteuerpunkte="-8" Alt="3" Info="Gegenseitiges Lehren" Neu="4" obj="Abrichten" text="Talent steigern" time="1559291762160" version="HS 5.5.3"/><ereignis Abenteuerpunkte="-4" Alt="1" Info="Gegenseitiges Lehren" Neu="2" obj="Ackerbau" text="Talent steigern" time="1559291771764" version="HS 5.5.3"/><ereignis Abenteuerpunkte="-6" Alt="2" Info="Gegenseitiges Lehren" Neu="3" obj="Ackerbau" text="Talent steigern" time="1559291771964" version="HS 5.5.3"/><ereignis Abenteuerpunkte="-8" Alt="3" Info="Gegenseitiges Lehren" Neu="4" obj="Ackerbau" text="Talent steigern" time="1559291772923" version="HS 5.5.3"/><ereignis Abenteuerpunkte="200" kommentar=" Gesamt AP: 200 Verfügbare AP: 200" obj="Abenteuerpunkte (Hinzugewinn)" text="Ereignis eingeben" time="1559291799215" version="HS 5.5.3"/><ereignis Abenteuerpunkte="-10" Neu="0" obj="Fleischer" text="Talent aktivieren" time="1559291824024" version="HS 5.5.3"/><ereignis Abenteuerpunkte="-10" Neu="0" obj="Gerber/Kürschner" text="Talent aktivieren" time="1559291828449" version="HS 5.5.3"/><ereignis Abenteuerpunkte="-10" Neu="0" obj="Hauswirtschaft" text="Talent aktivieren" time="1559291834454" version="HS 5.5.3"/><ereignis Abenteuerpunkte="-10" Neu="0" obj="Heilkunde: Seele" text="Talent aktivieren" time="1559291837970" version="HS 5.5.3"/><ereignis Abenteuerpunkte="-4" Alt="1" Info="Gegenseitiges Lehren" Neu="2" obj="Zimmermann" text="Talent steigern" time="1559291865901" version="HS 5.5.3"/><ereignis Abenteuerpunkte="-6" Alt="2" Info="Gegenseitiges Lehren" Neu="3" obj="Zimmermann" text="Talent steigern" time="1559291866066" version="HS 5.5.3"/><ereignis Abenteuerpunkte="-8" Alt="3" Info="Gegenseitiges Lehren" Neu="4" obj="Zimmermann" text="Talent steigern" time="1559291866233" version="HS 5.5.3"/><ereignis Abenteuerpunkte="-11" Alt="4" Info="Gegenseitiges Lehren" Neu="5" obj="Zimmermann" text="Talent steigern" time="1559291866767" version="HS 5.5.3"/><ereignis Abenteuerpunkte="-14" Alt="5" Info="Gegenseitiges Lehren" Neu="6" obj="Zimmermann" text="Talent steigern" time="1559291867038" version="HS 5.5.3"/><ereignis Abenteuerpunkte="-17" Alt="6" Info="Gegenseitiges Lehren" Neu="7" obj="Zimmermann" text="Talent steigern" time="1559291867665" version="HS 5.5.3"/><ereignis Abenteuerpunkte="-4" Alt="1" Info="Gegenseitiges Lehren" Neu="2" obj="Viehzucht" text="Talent steigern" time="1559291870379" version="HS 5.5.3"/><ereignis Abenteuerpunkte="-6" Alt="2" Info="Gegenseitiges Lehren" Neu="3" obj="Viehzucht" text="Talent steigern" time="1559291870551" version="HS 5.5.3"/><ereignis Abenteuerpunkte="-8" Alt="3" Info="Gegenseitiges Lehren" Neu="4" obj="Viehzucht" text="Talent steigern" time="1559291870681" version="HS 5.5.3"/><ereignis Abenteuerpunkte="-6" Alt="2" Info="Gegenseitiges Lehren" Neu="3" obj="Maurer" text="Talent steigern" time="1559291880978" version="HS 5.5.3"/><ereignis Abenteuerpunkte="-8" Alt="3" Info="Gegenseitiges Lehren" Neu="4" obj="Maurer" text="Talent steigern" time="1559291881180" version="HS 5.5.3"/><ereignis Abenteuerpunkte="-17" Alt="12" Info="Gegenseitiges Lehren" Neu="13" obj="Grobschmied" text="Talent steigern" time="1559291906442" version="HS 5.5.3"/><ereignis Abenteuerpunkte="-19" Alt="13" Info="Gegenseitiges Lehren" Neu="14" obj="Grobschmied" text="Talent steigern" time="1559291907352" version="HS 5.5.3"/><ereignis Abenteuerpunkte="-2" Alt="0" Info="Gegenseitiges Lehren" Neu="1" obj="Gerber/Kürschner" text="Talent steigern" time="1559291911530" version="HS 5.5.3"/><ereignis Abenteuerpunkte="-4" Alt="1" Info="Gegenseitiges Lehren" Neu="2" obj="Gerber/Kürschner" text="Talent steigern" time="1559291911702" version="HS 5.5.3"/><ereignis Abenteuerpunkte="-6" Alt="2" Info="Gegenseitiges Lehren" Neu="3" obj="Gerber/Kürschner" text="Talent steigern" time="1559291912764" version="HS 5.5.3"/><ereignis Abenteuerpunkte="-8" Alt="3" Info="Gegenseitiges Lehren" Neu="4" obj="Gerber/Kürschner" text="Talent steigern" time="1559291913475" version="HS 5.5.3"/><ereignis Abenteuerpunkte="-6" Alt="2" Info="Gegenseitiges Lehren" Neu="3" obj="Handel" text="Talent steigern" time="1559291917301" version="HS 5.5.3"/><ereignis Abenteuerpunkte="-8" Alt="3" Info="Gegenseitiges Lehren" Neu="4" obj="Handel" text="Talent steigern" time="1559291917747" version="HS 5.5.3"/><ereignis Abenteuerpunkte="-2" Alt="0" Info="Gegenseitiges Lehren" Neu="1" obj="Hauswirtschaft" text="Talent steigern" time="1559291923228" version="HS 5.5.3"/><ereignis Abenteuerpunkte="-4" Alt="1" Info="Gegenseitiges Lehren" Neu="2" obj="Hauswirtschaft" text="Talent steigern" time="1559291923473" version="HS 5.5.3"/><ereignis Abenteuerpunkte="-6" Alt="2" Info="Gegenseitiges Lehren" Neu="3" obj="Hauswirtschaft" text="Talent steigern" time="1559291923705" version="HS 5.5.3"/><ereignis Abenteuerpunkte="400" kommentar=" Gesamt AP: 400 Verfügbare AP: 400" obj="Abenteuerpunkte (Hinzugewinn)" text="Ereignis eingeben" time="1559291936507" version="HS 5.5.3"/><ereignis Abenteuerpunkte="-8" Alt="3" Info="Gegenseitiges Lehren" Neu="4" obj="Hauswirtschaft" text="Talent steigern" time="1559291948938" version="HS 5.5.3"/><ereignis Abenteuerpunkte="-11" Alt="4" Info="Gegenseitiges Lehren" Neu="5" obj="Hauswirtschaft" text="Talent steigern" time="1559291949234" version="HS 5.5.3"/><ereignis Abenteuerpunkte="-10" Neu="0" obj="Heilkunde: Krankheiten" text="Talent aktivieren" time="1559291963893" version="HS 5.5.3"/><ereignis Abenteuerpunkte="-2" Alt="0" Info="Gegenseitiges Lehren" Neu="1" obj="Heilkunde: Krankheiten" text="Talent steigern" time="1559291975061" version="HS 5.5.3"/><ereignis Abenteuerpunkte="-4" Alt="1" Info="Gegenseitiges Lehren" Neu="2" obj="Heilkunde: Krankheiten" text="Talent steigern" time="1559291975249" version="HS 5.5.3"/><ereignis Abenteuerpunkte="-6" Alt="2" Info="Gegenseitiges Lehren" Neu="3" obj="Heilkunde: Krankheiten" text="Talent steigern" time="1559291975414" version="HS 5.5.3"/><ereignis Abenteuerpunkte="-8" Alt="3" Info="Gegenseitiges Lehren" Neu="4" obj="Heilkunde: Krankheiten" text="Talent steigern" time="1559291976406" version="HS 5.5.3"/><ereignis Abenteuerpunkte="-200" obj="Aufmerksamkeit" text="Sonderfertigkeit hinzugefügt" time="1559292023764" version="HS 5.5.3"/><ereignis Abenteuerpunkte="1000" kommentar=" Gesamt AP: 1000 Verfügbare AP: 1000" obj="Abenteuerpunkte (Hinzugewinn)" text="Ereignis eingeben" time="1559292036735" version="HS 5.5.3"/><ereignis Abenteuerpunkte="-300" obj="Ausweichen I" text="Sonderfertigkeit hinzugefügt" time="1559292052859" version="HS 5.5.3"/><ereignis Abenteuerpunkte="-200" obj="Wuchtschlag" text="Sonderfertigkeit hinzugefügt" time="1559292075445" version="HS 5.5.3"/><ereignis Abenteuerpunkte="-100" obj="Niederwerfen" text="Sonderfertigkeit hinzugefügt" time="1559292081589" version="HS 5.5.3"/><ereignis Abenteuerpunkte="-200" obj="Hammerschlag" text="Sonderfertigkeit hinzugefügt" time="1559292094922" version="HS 5.5.3"/><ereignis Abenteuerpunkte="-150" obj="Rüstungsgewöhnung I (Lederharnisch)" text="Sonderfertigkeit hinzugefügt" time="1559292115018" version="HS 5.5.3"/><ereignis Abenteuerpunkte="500" kommentar=" Gesamt AP: 500 Verfügbare AP: 500" obj="Abenteuerpunkte (Hinzugewinn)" text="Ereignis eingeben" time="1559292142205" version="HS 5.5.3"/><ereignis Abenteuerpunkte="-300" obj="Kampfreflexe" text="Sonderfertigkeit hinzugefügt" time="1559292160215" version="HS 5.5.3"/><ereignis Abenteuerpunkte="-75" Alt="6" Neu="5" obj="Jähzorn: 6" text="Nachteile senken" time="1559292211302" version="HS 5.5.3"/><ereignis Abenteuerpunkte="-75" Alt="5" Neu="4" obj="Jähzorn: 5" text="Nachteile senken" time="1559292212089" version="HS 5.5.3"/><ereignis Abenteuerpunkte="-75" Alt="4" Neu="3" obj="Jähzorn: 4" text="Nachteile senken" time="1559292217689" version="HS 5.5.3"/><ereignis Abenteuerpunkte="-75" Alt="3" Neu="2" obj="Jähzorn: 3" text="Nachteile senken" time="1559292218279" version="HS 5.5.3"/><ereignis Abenteuerpunkte="-16" Alt="0" Neu="1" obj="Magieresistenz" text="Eigenschaft steigern" time="1559292543377" version="HS 5.5.3"/><ereignis Abenteuerpunkte="-35" Alt="1" Neu="2" obj="Magieresistenz" text="Eigenschaft steigern" time="1559292546559" version="HS 5.5.3"/><ereignis Alt="5" Neu="6" obj="Sozialstatus" text="Eigenschaft steigern" time="1559292569632" version="HS 5.5.3"/><ereignis Abenteuerpunkte="-45" Alt="8" Info="Gegenseitiges Lehren" Neu="9" obj="Selbstbeherrschung" text="Talent steigern" time="1559292657216" version="HS 5.5.3"/><ereignis Abenteuerpunkte="-3" Alt="0" Info="Gegenseitiges Lehren" Neu="1" obj="Schwimmen" text="Talent steigern" time="1559292688765" version="HS 5.5.3"/><ereignis Abenteuerpunkte="20" kommentar=" Gesamt AP: 20 Verfügbare AP: 20" obj="Abenteuerpunkte (Hinzugewinn)" text="Ereignis eingeben" time="1559292703508" version="HS 5.5.3"/><ereignis Abenteuerpunkte="-7" Alt="1" Info="Gegenseitiges Lehren" Neu="2" obj="Schwimmen" text="Talent steigern" time="1559292707323" version="HS 5.5.3"/><ereignis Abenteuerpunkte="-12" Alt="2" Info="Gegenseitiges Lehren" Neu="3" obj="Schwimmen" text="Talent steigern" time="1559292708203" version="HS 5.5.3"/><ereignis Abenteuerpunkte="-2" Alt="0" Info="Gegenseitiges Lehren" Neu="1" obj="Fleischer" text="Talent steigern" time="1559292731903" version="HS 5.5.3"/><ereignis Abenteuerpunkte="30" kommentar=" Gesamt AP: 30 Verfügbare AP: 30" obj="Abenteuerpunkte (Hinzugewinn)" text="Ereignis eingeben" time="1559292752559" version="HS 5.5.3"/><ereignis Abenteuerpunkte="-4" Alt="1" Info="Gegenseitiges Lehren" Neu="2" obj="Fleischer" text="Talent steigern" time="1559292755535" version="HS 5.5.3"/><ereignis Abenteuerpunkte="-6" Alt="2" Info="Gegenseitiges Lehren" Neu="3" obj="Fleischer" text="Talent steigern" time="1559292756023" version="HS 5.5.3"/><ereignis obj="Sonstiges Ereignis (Hinzugewinn)" text="Ereignis eingeben" time="1559293165909" version="HS 5.5.3"/><ereignis obj="Abenteuerpunkte (Hinzugewinn)" text="Ereignis eingeben" time="1559293182083" version="HS 5.5.3"/><ereignis kommentar="Editor" obj="Guter Ruf: 2" text="Vor-/Nachteil hinzugefügt" time="1559293260396" version="HS 5.5.3"/><ereignis Abenteuerpunkte="-14" kommentar=" Gesamt AP: 0 Verfügbare AP: -14" obj="Abenteuerpunkte (Ausgaben)" text="Ereignis eingeben" time="1559293344229" version="HS 5.5.3"/><ereignis Abenteuerpunkte="-9" kommentar=" Gesamt AP: 0 Verfügbare AP: -9" obj="Abenteuerpunkte (Ausgaben)" text="Ereignis eingeben" time="1559293359794" version="HS 5.5.3"/><ereignis Abenteuerpunkte="754" kommentar=" Gesamt AP: 754 Verfügbare AP: 754" obj="Abenteuerpunkte (Hinzugewinn)" text="Ereignis eingeben" time="1559921199843" version="HS 5.5.3"/><ereignis Abenteuerpunkte="-3" Alt="2" Info="SE, Gegenseitiges Lehren" Neu="3" obj="Sprachen kennen Rogolan" text="Talent steigern" time="1559921219097" version="HS 5.5.3"/><ereignis Abenteuerpunkte="-65" Alt="15;10;5" Info="SE, Gegenseitiges Lehren" Neu="16;10;5" obj="Zweihandhiebwaffen" text="Nahkampftalent steigern" time="1559921242624" version="HS 5.5.3"/><ereignis Abenteuerpunkte="-17" Alt="4" Info="SE, Gegenseitiges Lehren" Neu="5" obj="Klettern" text="Talent steigern" time="1559921264669" version="HS 5.5.3"/><ereignis Abenteuerpunkte="-29" Alt="7;5;2" Info="Gegenseitiges Lehren" Neu="8;5;2" obj="Raufen" text="Nahkampftalent steigern" time="1559921429521" version="HS 5.5.3"/><ereignis Abenteuerpunkte="-34" Alt="8;5;2" Info="Gegenseitiges Lehren" Neu="9;5;2" obj="Raufen" text="Nahkampftalent steigern" time="1559921429689" version="HS 5.5.3"/><ereignis Abenteuerpunkte="-38" Alt="9;5;2" Info="Gegenseitiges Lehren" Neu="10;5;2" obj="Raufen" text="Nahkampftalent steigern" time="1559921429928" version="HS 5.5.3"/><ereignis Abenteuerpunkte="-43" Alt="10;5;2" Info="Gegenseitiges Lehren" Neu="11;5;2" obj="Raufen" text="Nahkampftalent steigern" time="1559921430435" version="HS 5.5.3"/><ereignis Abenteuerpunkte="-27" Alt="5;2;3" Info="Gegenseitiges Lehren" Neu="6;2;3" obj="Ringen" text="Nahkampftalent steigern" time="1559921431588" version="HS 5.5.3"/><ereignis Abenteuerpunkte="-33" Alt="6;2;3" Info="Gegenseitiges Lehren" Neu="7;2;3" obj="Ringen" text="Nahkampftalent steigern" time="1559921431716" version="HS 5.5.3"/><ereignis Abenteuerpunkte="-150" obj="Waffenloser Kampfstil: Hammerfaust" text="Sonderfertigkeit hinzugefügt" time="1559921568217" version="HS 5.5.3"/><ereignis Abenteuerpunkte="-80" obj="Talentspezialisierung Zweihandhiebwaffen (Barbarenstreitaxt)" text="Sonderfertigkeit hinzugefügt" time="1559921709343" version="HS 5.5.3"/><ereignis Abenteuerpunkte="-200" obj="Ausweichen II" text="Sonderfertigkeit hinzugefügt" time="1559921794763" version="HS 5.5.3"/><ereignis Abenteuerpunkte="-3" Alt="0" Info="Gegenseitiges Lehren" Neu="1" obj="Sich verstecken" text="Talent steigern" time="1559921832654" version="HS 5.5.3"/><ereignis Abenteuerpunkte="-27" Alt="5" Info="Gegenseitiges Lehren" Neu="6" obj="Klettern" text="Talent steigern" time="1559921834693" version="HS 5.5.3"/><ereignis Abenteuerpunkte="-4" Alt="1" Info="Gegenseitiges Lehren" Neu="2" obj="Gassenwissen" text="Talent steigern" time="1559921863916" version="HS 5.5.3"/><ereignis Alt="D: 0 S: 0 H: 0 K: 0" Info="Geldbörse" Neu="D: 0 S: 13 H: 11 K: 15" obj="Mittelreich" text="Geld" time="1559926897253" version="HS 5.5.3"/><ereignis Alt="D: 0 S: 13 H: 11 K: 15" Info="Geldbörse" Neu="D: 0 S: 0 H: 0 K: 0" obj="Mittelreich" text="Geld" time="1560521573095" version="HS 5.5.3"/><ereignis Abenteuerpunkte="1616" kommentar=" Gesamt AP: 1616 Verfügbare AP: 1616" obj="Abenteuerpunkte (Hinzugewinn)" text="Ereignis eingeben" time="1568929793704" version="HS 5.5.3"/><ereignis Abenteuerpunkte="-8" Alt="6" Info="SE, Gegenseitiges Lehren" Neu="7" obj="Menschenkenntnis" text="Talent steigern" time="1568929898121" version="HS 5.5.3"/><ereignis Abenteuerpunkte="-29" Alt="7" Info="SE, Gegenseitiges Lehren" Neu="8" obj="Athletik" text="Talent steigern" time="1568929904926" version="HS 5.5.3"/><ereignis Abenteuerpunkte="-7" Alt="5" Info="SE, Gegenseitiges Lehren" Neu="6" obj="Tierkunde" text="Talent steigern" time="1568929909827" version="HS 5.5.3"/><ereignis Abenteuerpunkte="-10" Alt="7" Info="SE, Gegenseitiges Lehren" Neu="8" obj="Zimmermann" text="Talent steigern" time="1568929918939" version="HS 5.5.3"/><ereignis Abenteuerpunkte="-27" Alt="5" Info="Gegenseitiges Lehren" Neu="6" obj="Sinnenschärfe" text="Talent steigern" time="1568930046878" version="HS 5.5.3"/><ereignis Abenteuerpunkte="-33" Alt="6" Info="Gegenseitiges Lehren" Neu="7" obj="Sinnenschärfe" text="Talent steigern" time="1568930047027" version="HS 5.5.3"/><ereignis Abenteuerpunkte="-20" Info="SE" Neu="0" obj="Bogen" text="Talent aktivieren" time="1568930071349" version="HS 5.5.3"/><ereignis Abenteuerpunkte="-4" Alt="0" Info="Gegenseitiges Lehren" Neu="1" obj="Bogen" text="Talent steigern" time="1568930101471" version="HS 5.5.3"/><ereignis Abenteuerpunkte="-9" Alt="1" Info="Gegenseitiges Lehren" Neu="2" obj="Bogen" text="Talent steigern" time="1568930102259" version="HS 5.5.3"/><ereignis Abenteuerpunkte="-15" Alt="2" Info="Gegenseitiges Lehren" Neu="3" obj="Bogen" text="Talent steigern" time="1568930102672" version="HS 5.5.3"/><ereignis Abenteuerpunkte="-21" Alt="3" Info="Gegenseitiges Lehren" Neu="4" obj="Bogen" text="Talent steigern" time="1568930103067" version="HS 5.5.3"/><ereignis Abenteuerpunkte="-28" Alt="4" Info="Gegenseitiges Lehren" Neu="5" obj="Bogen" text="Talent steigern" time="1568930104025" version="HS 5.5.3"/><ereignis Abenteuerpunkte="-34" Alt="5" Info="Gegenseitiges Lehren" Neu="6" obj="Bogen" text="Talent steigern" time="1568930104551" version="HS 5.5.3"/><ereignis Abenteuerpunkte="-380" Alt="13" Neu="14" obj="Intuition" text="Eigenschaft steigern" time="1568990911996" version="HS 5.5.3"/></ereignisse><talentliste><talent lernmethode="Gegenseitiges Lehren" name="Bogen" probe=" (GE/FF/KK)" value="6"/><talent lernmethode="Gegenseitiges Lehren" name="Dolche" probe=" (GE/GE/KK)" value="2"/><talent lernmethode="Gegenseitiges Lehren" name="Hiebwaffen" probe=" (GE/GE/KK)" value="12"/><talent lernmethode="Gegenseitiges Lehren" name="Raufen" probe=" (GE/GE/KK)" value="11"/><talent lernmethode="Gegenseitiges Lehren" name="Ringen" probe=" (GE/GE/KK)" value="7"/><talent lernmethode="Gegenseitiges Lehren" name="Säbel" probe=" (GE/GE/KK)" value="2"/><talent lernmethode="Gegenseitiges Lehren" name="Wurfmesser" probe=" (GE/FF/KK)" value="2"/><talent lernmethode="Gegenseitiges Lehren" name="Wurfspeere" probe=" (GE/FF/KK)" value="3"/><talent lernmethode="Gegenseitiges Lehren" name="Zweihandhiebwaffen" probe=" (GE/GE/KK)" value="16"/><talent be="BEx2" lernmethode="Gegenseitiges Lehren" name="Akrobatik" probe=" (MU/GE/KK)" value="2"/><talent be="BEx2" lernmethode="Gegenseitiges Lehren" name="Athletik" probe=" (GE/KO/KK)" value="8"/><talent be="BEx2" lernmethode="Gegenseitiges Lehren" name="Klettern" probe=" (MU/GE/KK)" value="6"/><talent be="BEx2" lernmethode="Gegenseitiges Lehren" name="Körperbeherrschung" probe=" (MU/IN/GE)" value="7"/><talent be="BE-2" lernmethode="Gegenseitiges Lehren" name="Reiten" probe=" (CH/GE/KK)" value="6"/><talent be="BE" lernmethode="Gegenseitiges Lehren" name="Schleichen" probe=" (MU/IN/GE)" value="3"/><talent be="BEx2" lernmethode="Gegenseitiges Lehren" name="Schwimmen" probe=" (GE/KO/KK)" value="3"/><talent be="" lernmethode="Gegenseitiges Lehren" name="Selbstbeherrschung" probe=" (MU/KO/KK)" value="9"/><talent be="BE-2" lernmethode="Gegenseitiges Lehren" name="Sich verstecken" probe=" (MU/IN/GE)" value="1"/><talent be="BE-3" lernmethode="Gegenseitiges Lehren" name="Singen" probe=" (IN/CH/CH)" value="0"/><talent be="0-&gt;BE" lernmethode="Gegenseitiges Lehren" name="Sinnenschärfe" probe=" (KL/IN/IN)" value="7"/><talent be="BE-4" lernmethode="Gegenseitiges Lehren" name="Stimmen imitieren" probe=" (KL/IN/CH)" value="4"/><talent be="BEx2" lernmethode="Gegenseitiges Lehren" name="Tanzen" probe=" (CH/GE/GE)" value="1"/><talent be="" lernmethode="Gegenseitiges Lehren" name="Zechen" probe=" (IN/KO/KK)" value="3"/><talent lernmethode="Gegenseitiges Lehren" name="Etikette" probe=" (KL/IN/CH)" value="4"/><talent lernmethode="Gegenseitiges Lehren" name="Gassenwissen" probe=" (KL/IN/CH)" value="2"/><talent lernmethode="Gegenseitiges Lehren" name="Lehren" probe=" (KL/IN/CH)" value="2"/><talent lernmethode="Gegenseitiges Lehren" name="Menschenkenntnis" probe=" (KL/IN/CH)" value="7"/><talent lernmethode="Gegenseitiges Lehren" name="Überreden" probe=" (MU/IN/CH)" value="3"/><talent lernmethode="Gegenseitiges Lehren" name="Fährtensuchen" probe=" (KL/IN/KO)" value="6"/><talent lernmethode="Gegenseitiges Lehren" name="Fallen stellen" probe=" (KL/FF/KK)" value="5"/><talent lernmethode="Gegenseitiges Lehren" name="Fesseln/Entfesseln" probe=" (FF/GE/KK)" value="6"/><talent lernmethode="Gegenseitiges Lehren" name="Fischen/Angeln" probe=" (IN/FF/KK)" value="6"/><talent lernmethode="Gegenseitiges Lehren" name="Orientierung" probe=" (KL/IN/IN)" value="7"/><talent lernmethode="Gegenseitiges Lehren" name="Wettervorhersage" probe=" (KL/IN/IN)" value="7"/><talent lernmethode="Gegenseitiges Lehren" name="Wildnisleben" probe=" (IN/GE/KO)" value="10"/><talent lernmethode="Gegenseitiges Lehren" name="Geografie" probe=" (KL/KL/IN)" value="3"/><talent lernmethode="Gegenseitiges Lehren" name="Geschichtswissen" probe=" (KL/KL/IN)" value="4"/><talent lernmethode="Gegenseitiges Lehren" name="Götter und Kulte" probe=" (KL/KL/IN)" value="2"/><talent lernmethode="Gegenseitiges Lehren" name="Heraldik" probe=" (KL/KL/FF)" value="3"/><talent lernmethode="Gegenseitiges Lehren" name="Kriegskunst" probe=" (MU/KL/CH)" value="3"/><talent lernmethode="Gegenseitiges Lehren" name="Magiekunde" probe=" (KL/KL/IN)" value="7"/><talent lernmethode="Gegenseitiges Lehren" name="Mechanik" probe=" (KL/KL/FF)" value="4"/><talent lernmethode="Gegenseitiges Lehren" name="Pflanzenkunde" probe=" (KL/IN/FF)" value="4"/><talent lernmethode="Gegenseitiges Lehren" name="Rechnen" probe=" (KL/KL/IN)" value="4"/><talent lernmethode="Gegenseitiges Lehren" name="Rechtskunde" probe=" (KL/KL/IN)" value="4"/><talent lernmethode="Gegenseitiges Lehren" name="Sagen und Legenden" probe=" (KL/IN/CH)" value="4"/><talent lernmethode="Gegenseitiges Lehren" name="Schätzen" probe=" (KL/IN/IN)" value="4"/><talent lernmethode="Gegenseitiges Lehren" name="Sprachenkunde" probe=" (KL/KL/IN)" value="3"/><talent lernmethode="Gegenseitiges Lehren" name="Sternkunde" probe=" (KL/KL/IN)" value="2"/><talent lernmethode="Gegenseitiges Lehren" name="Tierkunde" probe=" (MU/KL/IN)" value="6"/><talent k="18" lernmethode="Gegenseitiges Lehren" name="Sprachen kennen Garethi" probe=" (KL/IN/CH)" value="9"/><talent k="10" lernmethode="Gegenseitiges Lehren" name="Sprachen kennen Oloarkh" probe=" (KL/IN/CH)" value="3"/><talent k="21" lernmethode="Gegenseitiges Lehren" name="Sprachen kennen Rogolan" probe=" (KL/IN/CH)" value="3"/><talent k="18" lernmethode="Gegenseitiges Lehren" name="Sprachen kennen Thorwalsch" probe=" (KL/IN/CH)" value="4"/><talent k="10" lernmethode="Gegenseitiges Lehren" name="Lesen/Schreiben Kusliker Zeichen" probe=" (KL/KL/FF)" value="3"/><talent lernmethode="Gegenseitiges Lehren" name="Abrichten" probe=" (MU/IN/CH)" value="4"/><talent lernmethode="Gegenseitiges Lehren" name="Ackerbau" probe=" (IN/FF/KO)" value="4"/><talent lernmethode="Gegenseitiges Lehren" name="Bergbau" probe=" (IN/KO/KK)" value="2"/><talent lernmethode="Gegenseitiges Lehren" name="Fahrzeug lenken" probe=" (IN/CH/FF)" value="3"/><talent lernmethode="Gegenseitiges Lehren" name="Fleischer" probe=" (KL/FF/KK)" value="3"/><talent lernmethode="Gegenseitiges Lehren" name="Gerber/Kürschner" probe=" (KL/FF/KO)" value="4"/><talent lernmethode="Gegenseitiges Lehren" name="Grobschmied" probe=" (FF/KO/KK)" value="14"/><talent lernmethode="Gegenseitiges Lehren" name="Handel" probe=" (KL/IN/CH)" value="4"/><talent lernmethode="Gegenseitiges Lehren" name="Hauswirtschaft" probe=" (IN/CH/FF)" value="5"/><talent lernmethode="Gegenseitiges Lehren" name="Heilkunde: Krankheiten" probe=" (MU/KL/CH)" value="4"/><talent lernmethode="Gegenseitiges Lehren" name="Heilkunde: Seele" probe=" (IN/CH/CH)" value="0"/><talent lernmethode="Gegenseitiges Lehren" name="Heilkunde: Wunden" probe=" (KL/CH/FF)" value="5"/><talent lernmethode="Gegenseitiges Lehren" name="Holzbearbeitung" probe=" (KL/FF/KK)" value="9"/><talent lernmethode="Gegenseitiges Lehren" name="Kochen" probe=" (KL/IN/FF)" value="6"/><talent lernmethode="Gegenseitiges Lehren" name="Lederarbeiten" probe=" (KL/FF/FF)" value="4"/><talent lernmethode="Gegenseitiges Lehren" name="Malen/Zeichnen" probe=" (KL/IN/FF)" value="3"/><talent lernmethode="Gegenseitiges Lehren" name="Maurer" probe=" (FF/GE/KK)" value="4"/><talent lernmethode="Gegenseitiges Lehren" name="Schneidern" probe=" (KL/FF/FF)" value="4"/><talent lernmethode="Gegenseitiges Lehren" name="Viehzucht" probe=" (KL/IN/KK)" value="4"/><talent lernmethode="Gegenseitiges Lehren" name="Zimmermann" probe=" (KL/FF/KK)" value="8"/></talentliste><zauberliste/><kampf><kampfwerte name="Dolche"><attacke value="11"/><parade value="9"/></kampfwerte><kampfwerte name="Hiebwaffen"><attacke value="17"/><parade value="13"/></kampfwerte><kampfwerte name="Raufen"><attacke value="17"/><parade value="12"/></kampfwerte><kampfwerte name="Ringen"><attacke value="11"/><parade value="14"/></kampfwerte><kampfwerte name="Säbel"><attacke value="11"/><parade value="9"/></kampfwerte><kampfwerte name="Zweihandhiebwaffen"><attacke value="19"/><parade value="15"/></kampfwerte></kampf><gegenstände><gegenstand anzahl="1" name="Armschienen (Paar), Leder" slot="0"/><gegenstand anzahl="1" name="Barbarenstreitaxt" slot="0"><modallgemein><gewicht value="250.0"/><preis value="15000"/><name value="Barbarenstreitaxt (Drakka)"/></modallgemein><Nahkampfwaffe variante="0"><trefferpunkte mul="3" sum="3" w="6"/><tpkk kk="14" schrittweite="1"/><wm at="0" pa="-3"/><bf akt="0" min="0"/></Nahkampfwaffe></gegenstand><gegenstand anzahl="1" name="Beinschienen (Paar), Leder" slot="0"/><gegenstand anzahl="1" name="Essbesteck, Zinn" slot="0"/><gegenstand anzahl="1" name="Fackel" slot="0"/><gegenstand anzahl="1" name="Fellgefütterter Schlafsack" slot="0"/><gegenstand anzahl="1" name="Fellmütze" slot="0"/><gegenstand anzahl="1" name="Feuerstein u Stahl" slot="0"/><gegenstand anzahl="1" name="Geldbeutel, Leder" slot="0"/><gegenstand anzahl="1" name="Gewandknopf" slot="0"><modallgemein><gewicht value="1.0"/><preis value="0"/><name value="Rabenbrosche (Guter Ruf +1 bei Rabenmund)"/></modallgemein></gegenstand><gegenstand anzahl="1" name="Gürteltasche, Hartleder" slot="0"/><gegenstand anzahl="10" name="Hanfseil (1 Schritt)" slot="0"/><gegenstand anzahl="1" name="Hemd" slot="0"/><gegenstand anzahl="1" name="Hose" slot="0"/><gegenstand anzahl="1" name="Kriegsbogen" slot="0"><Fernkampfwaffe><talente kampftalent="Bogen"/></Fernkampfwaffe></gegenstand><gegenstand anzahl="1" name="Ledergürtel" slot="0"/><gegenstand anzahl="1" name="Lederharnisch" slot="0"/><gegenstand anzahl="1" name="Lederrucksack (15 Stein)" slot="0"/><gegenstand anzahl="1" name="Leichte Stiefel" slot="0"/><gegenstand anzahl="1" name="Mantel" slot="0"/><gegenstand anzahl="1" name="Messer" slot="0"/><gegenstand anzahl="1" name="Pergament" slot="0"><modallgemein><gewicht value="1.0"/><preis value="0"/><name value="Gesiegelter Brief (Guter Ruf +2 bei Gareth)"/></modallgemein></gegenstand><gegenstand anzahl="1" name="Pferd: Tulamide" slot="0"><Wesen><eigenschaften><eigenschaft name="Gefahrenwert" value="8"/><eigenschaft name="Geschwindigkeit" value="2.0"/><eigenschaft name="Geschwindigkeit 2" value="11.0"/><eigenschaft name="Geschwindigkeit 3" value="14.0"/><eigenschaft name="Klugheit" value="50"/><eigenschaft name="Konstitution" value="19"/><eigenschaft name="Körperkraft" value="22"/><eigenschaft name="Lebensenergie" value="60"/><eigenschaft name="Loyalität" value="9"/><eigenschaft name="Magieresistenz" value="0"/><eigenschaft name="Magieresistenz 2" value="8"/><eigenschaft name="Rüstungsschutz" value="1"/></eigenschaften><vorteile><vorteil name="Ausdauernd (Tier)"/><vorteil name="Feurig"/><vorteil name="Schnell"/><vorteil name="Zäh"/></vorteile><sonderfertigkeiten><sonderfertigkeit name="Großer Gegner"/><sonderfertigkeit name="Niederwerfen (Tier)"><auswahl name="6"/></sonderfertigkeit></sonderfertigkeiten><talente/><zauber/><ini mul="1" sum="9" w="6"/><groesse value="156"/><angriffe><angriff name="Biss"><at value="11"/><pa value="7"/><tp mul="1" sum="1" w="6"/><dk value="Handgemenge"/></angriff><angriff name="Tritt"><at value="11"/><pa value="7"/><tp mul="1" sum="2" w="6"/><dk value="Nah"/></angriff></angriffe><gattung value="Tulamide"/><familie value="Pferd"/><wesensart value="Tier"/></Wesen></gegenstand><gegenstand anzahl="1" name="Ring" slot="0"><modallgemein><gewicht value="1.0"/><preis value="0"/><name value="Wertlinger Ring"/></modallgemein></gegenstand><gegenstand anzahl="1" name="Ring" slot="1"><modallgemein><gewicht value="1.0"/><preis value="0"/><name value="Ring des Bundes vom Greif, Funchs &amp; Raben"/></modallgemein></gegenstand><gegenstand anzahl="2" name="Schreibkreide" slot="0"><modallgemein><gewicht value="1.0"/><preis value="0"/><name value="Kreidestück (Rot &amp; Grün)"/></modallgemein></gegenstand><gegenstand anzahl="1" name="Spaten" slot="0"/><gegenstand anzahl="1" name="Streitaxt" slot="0"/><gegenstand anzahl="1" name="Tabakdose, Silber" slot="0"/><gegenstand anzahl="1" name="Tabakpfeife, Wurzelholz" slot="0"/><gegenstand anzahl="1" name="Waffenpflegeutensilien" slot="0"/><gegenstand anzahl="1" name="Warunker Hammer" slot="0"/><gegenstand anzahl="1" name="Zunderdose, Wasserdicht" slot="0"/></gegenstände><BoniWaffenlos><boniSF sf="Waffenloser Kampfstil: Hammerfaust" talent="Raufen"/></BoniWaffenlos><kommentare/><ausrüstungen><heldenausruestung bezeichner="" bfakt="0" bfmin="0" hand="rechts" name="nkwaffe1" schild="0" set="0" slot="0" talent="Zweihandhiebwaffen" waffenname="Barbarenstreitaxt"/><heldenausruestung bezeichner="" bfakt="2" bfmin="2" hand="rechts" name="nkwaffe2" schild="0" set="0" slot="0" talent="Hiebwaffen" waffenname="Streitaxt"/><heldenausruestung bezeichner="" bfakt="2" bfmin="2" hand="rechts" name="nkwaffe5" schild="0" set="0" slot="0" talent="Infanteriewaffen" waffenname="Warunker Hammer"/><heldenausruestung name="fkwaffe1" set="0" slot="0" talent="Bogen" waffenname="Kriegsbogen"/><heldenausruestung name="ruestung1" ruestungsname="Lederharnisch" set="0" slot="0"/><heldenausruestung name="ruestung2" ruestungsname="Armschienen (Paar), Leder" set="0" slot="0"/><heldenausruestung name="ruestung3" ruestungsname="Beinschienen (Paar), Leder" set="0" slot="0"/><heldenausruestung name="jagtwaffe" nummer="0" set="0"/></ausrüstungen><verbindungen/><extention/><geldboerse/><plugindata/></held><Signature xmlns="http://www.w3.org/2000/09/xmldsig#"><SignedInfo><CanonicalizationMethod Algorithm="http://www.w3.org/TR/2001/REC-xml-c14n-20010315#WithComments"/><SignatureMethod Algorithm="http://www.w3.org/2000/09/xmldsig#dsa-sha1"/><Reference URI=""><Transforms><Transform Algorithm="http://www.w3.org/2000/09/xmldsig#enveloped-signature"/></Transforms><DigestMethod Algorithm="http://www.w3.org/2000/09/xmldsig#sha1"/><DigestValue>E413mYMUiZjFQd4VQ2lcIWFWSoI=</DigestValue></Reference></SignedInfo><SignatureValue>iw0BLjkaCr3w3XX/KwxcSPrr4eSCI3/P+UBTB56dQOkmIcpqaIGeIw==</SignatureValue><KeyInfo><KeyValue><DSAKeyValue><P>/KaCzo4Syrom78z3EQ5SbbB4sF7ey80etKII864WF64B81uRpH5t9jQTxeEu0ImbzRMqzVDZkVG9&#13;
xD7nN1kuFw==</P><Q>li7dzDacuo67Jg7mtqEm2TRuOMU=</Q><G>Z4Rxsnqc9E7pGknFFH2xqaryRPBaQ01khpMdLRQnG541Awtx/XPaF5Bpsy4pNWMOHCBiNU0Nogps&#13;
QW5QvnlMpA==</G><Y>uVrvWkzIbUdL7E80AiD0PJDX3Ck0beY5StXp1wDAA1/ePpemd6rTBNd8YoCzOovNrX016YMcTSiO&#13;
iExM4RWtJA==</Y></DSAKeyValue></KeyValue></KeyInfo></Signature></helden>